﻿Designator,Footprint,Quantity,Value,LCSC Part #
"C1, C4",CAPC2012X88N,2,0.1uF,
"C10, C11",CAPC220145_95N_KEM,2,10pF,
"C2, C3, C5",CAPC4532X165N,3,1uF,
"C6, C8, C9",CAPC2012X88N,3,100n,
C7,CAPC480350_180N_KEM,1,4.7uF,
"D1, D2, D3, D4, D5, D7",D_SOD-123F,6,SM4004,
D6,LED_LTST-C170GKT_LTO,1,LED,
D8,LED_LTST-C170GKT_LTO,1,LED_G,
D9,LED_LTST-C170KFKT_LTO,1,LED_O,
"F1, F2, F3, F4, F5, F6",Fuseholder_Blade_Mini_Keystone_3568,6,Fuse,
J10,JST_XH_B2B-XH-A_1x02_P2.50mm_Vertical,1,VOUT6,
J11,JST_XH_B2B-XH-A_1x02_P2.50mm_Vertical,1,VIN1,
J12,JST_XH_B2B-XH-A_1x02_P2.50mm_Vertical,1,VOUT1,
J13,JST_XH_B2B-XH-A_1x02_P2.50mm_Vertical,1,VOUT2,
J14,PinHeader_1x04_P2.54mm_Vertical,1,Conn_01x04,
"J15, J16",691137710002,2,Screw_Terminal_01x02,
J2,JST_XH_B2B-XH-A_1x02_P2.50mm_Vertical,1,VOUT5,
J3,JST_XH_B2B-XH-A_1x02_P2.50mm_Vertical,1,VOUT4,
J4,JST_XH_B2B-XH-A_1x02_P2.50mm_Vertical,1,VIN4,
J5,JST_XH_B2B-XH-A_1x02_P2.50mm_Vertical,1,VIN3,
J6,JST_XH_B2B-XH-A_1x02_P2.50mm_Vertical,1,VOUT3,
J7,JST_XH_B2B-XH-A_1x02_P2.50mm_Vertical,1,VIN2,
J8,JST_XH_B2B-XH-A_1x02_P2.50mm_Vertical,1,VIN5,
J9,JST_XH_B2B-XH-A_1x02_P2.50mm_Vertical,1,VIN6,
JP2,61300211121,1,Jumper_2_Open,
"Q1, Q2, Q3, Q4, Q5, Q6",SOIC-8_3.9x4.9mm_P1.27mm,6,TSM180N03CS_RLG,
"R1, R10, R12, R5, R6, R7",0603,6,10k,C25804
"R11, R16, R17",RESC1508X55N,3,1K,
"R13, R2, R3, R4, R8, R9",0603,6,100,C22775
R14,RESC2012X65N,1,10K,
R15,RESC2012X65N_120,1,120,
"SW1, SW2",SKRPADE010_AAL,2,SW_Push,
SW3,SW5_219SMT,1,SW_DIP_x05,
U1,SOT-23-5,1,TLV75533PDBVR,
U2,LQFP-48_7x7mm_P0.5mm,1,~,
U3,DIP-8_W7.62mm,1,MCP2562-E-P,
Y1,XTAL_ECS-80-8-30Q-VS-TR,1,8MHz,
