"Id";"Designator";"Footprint";"Quantity";"Designation";"Supplier and ref";
1;"J19,J18,J4,J6";"AMASS_XT30PW-F_1x02_P2.50mm_Horizontal";4;"XT30";;;
2;"D29,D18,D27,D28,D11,D12,D26,D13,D14";"LED_PLCC_2835_Handsoldering";9;"LED";;;
3;"F1,F2,F3,F4,F5,F6,F14";"FUSE_3544-2";7;"15A";;;
4;"F15,F16";"FUSE_3544-2";2;"10A";;;
5;"F17";"FUSE_3544-2";1;"20A";;;
6;"F18,F19,F20";"FUSE_3544-2";3;"3A";;;
7;"J1,J2";"AMASS_XT90PW-M_1x02_P10.90mm_Horizontal";2;"Conn_01x02";;;
8;"R12,R7,R10,R11,R8,R6,R9,R4,R5";"R_2010_5025Metric_Pad1.40x2.65mm_HandSolder";9;"200";;;
9;"SW16,SW17,SW18,SW19,SW20,SW21,SW22,SW23,SW24,SW25,SW26,SW27,SW28,SW29,SW30,SW31,SW32,SW33";"1101A4CQEA";18;"SW_SPST";;;
10;"R31,R33,R35,R29,R17,R27,R2,R14,R3,R18,R22,R20,R24";"R_2010_5025Metric_Pad1.40x2.65mm_HandSolder";13;"1M";;;
11;"J17,J20,J21,J22";"AMASS_XT30U-F_1x02_P5.0mm_Vertical";4;"XT30";;;
12;"Q18,Q15,Q16,Q17,Q19,Q20,Q10,Q4,Q9,Q13,Q11,Q14,Q12";"FDS6681Z_OSI";13;"FDS6681Z";;;
13;"U11,U12,U13,U4,U9,U10,U1,U3,U2,U5,U7,U8,U6";"SOIC6_DZDH0401DW-7_DIO";13;"DZDH0401DW-7";;;
14;"R30,R32,R34,R36,R26,R28,R1,R15,R13,R19,R23,R21,R25";"R_2010_5025Metric_Pad1.40x2.65mm_HandSolder";13;"100k";;;
15;"J25,J3,J15,J29,J24,J23,J14,J7,J8,J28,J27,J13,J26,J16";"AMASS_XT30U-F_1x02_P5.0mm_Vertical";14;"Conn_01x02";;;
16;"J9,J12";"TerminalBlock_Phoenix_PT-1,5-6-3.5-H_1x06_P3.50mm_Horizontal";2;"Screw_Terminal_01x06";;;
17;"J10,J11";"TerminalBlock_Phoenix_MKDS-1,5-6-5.08_1x06_P5.08mm_Horizontal";2;"Screw_Terminal_01x06";;;
18;"J5";"TerminalBlock_Phoenix_MKDS-1,5-10-5.08_1x10_P5.08mm_Horizontal";1;"Screw_Terminal_01x10";;;
