"Id";"Designator";"Footprint";"Quantity";"Designation";"Supplier and ref";
1;"F14";"FUSE_3544-2";1;"15A";;;
2;"J4,J6";"AMASS_XT30U-F_1x02_P5.0mm_Vertical";2;"XT30";;;
3;"R7,R6,R4,R5";"R_2010_5025Metric_Pad1.40x2.65mm_HandSolder";4;"100";;;
4;"Q14,Q9,Q10,Q12,Q11,Q4,Q13";"FDS6681Z_OSI";7;"FDS6681Z";;;
5;"D14,D18,D27,D28,D11,D12,D26,D13";"LED_PLCC_2835_Handsoldering";8;"LED";;;
6;"R24,R3,R18,R2,R22,R20,R14";"R_2010_5025Metric_Pad1.40x2.65mm_HandSolder";7;"1M";;;
7;"R25,R13,R21,R1,R23,R15,R19";"R_2010_5025Metric_Pad1.40x2.65mm_HandSolder";7;"100k";;;
8;"U8,U2,U1,U5,U7,U3,U6";"SOIC6_DZDH0401DW-7_DIO";7;"DZDH0401DW-7";;;
9;"R8,R10,R9";"R_2010_5025Metric_Pad1.40x2.65mm_HandSolder";3;"20";;;
10;"SW33,SW31,SW19,SW32,SW27,SW28,SW21,SW18,SW30,SW16,SW22,SW24,SW23,SW26,SW29,SW20,SW25,SW17";"1101A4CQEA";18;"SW_SPST";;;
11;"F20,F18,F19";"FUSE_3544-2";3;"3A";;;
12;"G***";"ugrt_logo";1;"LOGO";;;
13;"J1";"XT90PBF_V";1;"Conn_01x02";;;
14;"F15,F16";"FUSE_3544-2";2;"10A";;;
15;"F17";"FUSE_3544-2";1;"20A";;;
16;"J25,J3,J15,J29,J24,J23,J14,J7,J8,J28,J27,J13,J26,J16";"AMASS_XT30U-F_1x02_P5.0mm_Vertical";14;"Conn_01x02";;;
17;"J9,J12";"TerminalBlock_Phoenix_PT-1,5-6-3.5-H_1x06_P3.50mm_Horizontal";2;"Screw_Terminal_01x06";;;
18;"J10,J11";"TerminalBlock_Phoenix_MKDS-1,5-6-5.08_1x06_P5.08mm_Horizontal";2;"Screw_Terminal_01x06";;;
19;"R11";"R_2010_5025Metric_Pad1.40x2.65mm_HandSolder";1;"200";;;
20;"J5";"TerminalBlock_Phoenix_MKDS-1,5-10-5.08_1x10_P5.08mm_Horizontal";1;"Screw_Terminal_01x10";;;
